{"accuracy": [1.0, 1.0, 1.0, 1.0, 1.0, 1.0, 1.0, 1.0, 1.0, 1.0, 1.0, 1.0, 1.0, 1.0, 1.0, 1.0, 1.0, 1.0, 1.0, 1.0, 1.0, 1.0, 1.0, 0.9655172228813171, 1.0, 1.0, 1.0, 1.0, 1.0, 1.0, 1.0, 1.0, 1.0, 1.0, 1.0, 1.0, 1.0, 1.0, 1.0, 1.0, 1.0, 1.0, 1.0, 1.0, 1.0, 1.0, 1.0, 1.0, 1.0, 1.0, 1.0, 1.0, 1.0, 1.0, 1.0, 0.9655172228813171, 1.0, 1.0, 1.0, 1.0, 1.0, 1.0, 1.0, 1.0, 1.0, 1.0, 0.9655172228813171, 1.0, 1.0, 1.0, 1.0, 1.0, 1.0, 1.0, 1.0, 1.0, 1.0, 1.0, 1.0, 1.0, 1.0, 1.0, 1.0, 1.0, 1.0, 1.0, 1.0, 1.0, 1.0, 1.0, 1.0, 1.0, 1.0, 1.0, 1.0, 1.0, 1.0, 1.0, 1.0, 1.0, 1.0, 1.0, 1.0, 1.0, 1.0, 1.0, 1.0, 1.0, 1.0, 1.0, 1.0, 1.0, 0.9655172228813171, 0.9655172228813171, 1.0, 1.0, 1.0, 1.0, 1.0, 1.0, 1.0, 1.0, 1.0, 1.0, 1.0, 1.0, 1.0, 1.0, 1.0, 1.0, 1.0, 1.0, 1.0, 1.0, 1.0, 1.0, 1.0, 1.0, 1.0, 1.0, 1.0, 1.0, 1.0, 1.0, 1.0, 1.0, 1.0, 1.0, 1.0, 1.0, 1.0, 1.0, 1.0, 1.0, 1.0, 1.0, 1.0, 0.9655172228813171, 1.0, 1.0, 1.0, 1.0, 1.0, 1.0, 1.0, 1.0, 1.0, 1.0, 1.0, 1.0, 1.0, 1.0, 1.0, 1.0, 1.0, 1.0, 1.0, 1.0, 1.0, 1.0, 1.0, 1.0, 1.0, 1.0, 1.0, 1.0, 1.0, 1.0, 1.0, 1.0, 1.0, 1.0, 1.0, 1.0, 1.0, 1.0, 1.0, 1.0, 1.0, 1.0], "loss": [0.011280029080808163, 0.012468487955629826, 0.0041399141773581505, 0.022528892382979393, 0.03991156443953514, 0.00718042952939868, 0.009889920242130756, 0.022061677649617195, 0.010977903380990028, 0.015974272042512894, 0.007382494397461414, 0.008381703868508339, 0.013713625259697437, 0.007560673635452986, 0.02907343953847885, 0.027883725240826607, 0.0065398248843848705, 0.02660408429801464, 0.011209881864488125, 0.0027891676872968674, 0.012697861529886723, 0.019148152321577072, 0.03683232516050339, 0.052620451897382736, 0.00982689019292593, 0.0211418978869915, 0.013969199731945992, 0.017055455595254898, 0.013677162118256092, 0.008827721700072289, 0.020267650485038757, 0.005714268423616886, 0.006617455743253231, 0.03264181688427925, 0.014777920208871365, 0.02523559145629406, 0.013004560023546219, 0.011691342107951641, 0.0073026977479457855, 0.012007041834294796, 0.008914119563996792, 0.01704365387558937, 0.050180260092020035, 0.009579542092978954, 0.008970195427536964, 0.015750747174024582, 0.036627572029829025, 0.013769248500466347, 0.012593087740242481, 0.03243790939450264, 0.006650002673268318, 0.01124684326350689, 0.0210876502096653, 0.002535953652113676, 0.017209770157933235, 0.07108975946903229, 0.027288291603326797, 0.026983780786395073, 0.03648177534341812, 0.022608095780014992, 0.00786531064659357, 0.007430647034198046, 0.005934359505772591, 0.003735161852091551, 0.014551078900694847, 0.003951439168304205, 0.09778756648302078, 0.012359335087239742, 0.010207468643784523, 0.0041650827042758465, 0.0027745887637138367, 0.019395481795072556, 0.0017178739653900266, 0.010859081521630287, 0.0023838786873966455, 0.004569066688418388, 0.0035662082955241203, 0.03291023150086403, 0.009782477281987667, 0.0038171091582626104, 0.009260573424398899, 0.007142684422433376, 0.015368441119790077, 0.0011992499930784106, 0.014785366132855415, 0.011217881925404072, 0.03078780323266983, 0.014410021714866161, 0.03132889047265053, 0.0018698826897889376, 0.005400527734309435, 0.010050429962575436, 0.01448717899620533, 0.007388285826891661, 0.016009654849767685, 0.016253244131803513, 0.0031495862640440464, 0.04521102458238602, 0.0031883944757282734, 0.0020299272146075964, 0.010733578354120255, 0.01412300206720829, 0.0029269747901707888, 0.018920186907052994, 0.012440463528037071, 0.01261956337839365, 0.014767090789973736, 0.005185392219573259, 0.009928476065397263, 0.014158300124108791, 0.005674860440194607, 0.006978164426982403, 0.03719291463494301, 0.03850365802645683, 0.026166550815105438, 0.003894068067893386, 0.02424059994518757, 0.011993668973445892, 0.0012429709313437343, 0.005836953409016132, 0.004360916092991829, 0.011596550233662128, 0.005224964115768671, 0.027146833017468452, 0.00691384170204401, 0.010558676905930042, 0.00625681784003973, 0.002409981098026037, 0.019377920776605606, 0.002038597594946623, 0.009074471890926361, 0.005259602330625057, 0.014197804033756256, 0.0015953967813402414, 0.0025336204562336206, 0.0013024305226281285, 0.02301354892551899, 0.007708373479545116, 0.0021438163239508867, 0.003058080095797777, 0.002405995735898614, 0.0022490883711725473, 0.0068105109967291355, 0.005965095479041338, 0.018292199820280075, 0.0056485263630747795, 0.015561430715024471, 0.0021353380288928747, 0.0013084170641377568, 0.01082280371338129, 0.00286540063098073, 0.005717379041016102, 0.0012305181007832289, 0.0020480791572481394, 0.0035004178062081337, 0.007008971180766821, 0.011889594607055187, 0.054956045001745224, 0.001336403889581561, 0.006043127737939358, 0.007248955778777599, 0.0036171451210975647, 0.001361246220767498, 0.009067345410585403, 0.003341113217175007, 0.0011250063544139266, 0.009809494949877262, 0.013942200690507889, 0.018846357241272926, 0.005533530842512846, 0.0034319055266678333, 0.011762195266783237, 0.0006043108296580613, 0.001396691077388823, 0.010747184045612812, 0.0005229897797107697, 0.005450012162327766, 0.0016095296014100313, 0.004703114274889231, 0.0028259658720344305, 0.0019318489357829094, 0.0009635183960199356, 0.00022791113588027656, 0.00240308023057878, 0.008921354077756405, 0.004817042034119368, 0.0010718894191086292, 0.003097037086263299, 0.003287396626546979, 0.006819791626185179, 0.004354894161224365, 0.0013355013215914369, 0.0035029295831918716, 0.0030940095894038677, 0.0010733641684055328, 0.005592923611402512, 0.0024438020773231983, 0.0026130860205739737, 0.00388183887116611, 0.0013294083764776587], "val_accuracy": [0.5, 0.5, 0.5, 0.5, 0.5, 0.5, 0.5, 0.5, 0.5, 0.5, 0.5, 0.5, 0.5, 0.5, 0.5, 0.5, 0.5, 0.5, 0.5, 0.5, 0.5, 0.5, 0.5, 0.5, 0.5, 0.5, 0.5, 0.5, 0.5, 0.5, 0.5, 0.5, 0.5, 0.5, 0.5, 0.5, 0.5, 0.5, 0.5, 0.5, 0.5, 0.5, 0.5, 0.5, 0.5, 0.5, 0.5, 0.5, 0.5, 0.5, 0.5, 0.5, 0.5, 0.5, 0.5, 0.5, 0.5, 0.5, 0.625, 0.625, 0.625, 0.625, 0.625, 0.625, 0.625, 0.625, 0.625, 0.625, 0.625, 0.625, 0.625, 0.625, 0.625, 0.625, 0.625, 0.625, 0.625, 0.625, 0.625, 0.625, 0.625, 0.625, 0.625, 0.625, 0.5, 0.5, 0.625, 0.625, 0.625, 0.625, 0.625, 0.625, 0.625, 0.625, 0.625, 0.625, 0.625, 0.625, 0.625, 0.625, 0.625, 0.625, 0.625, 0.625, 0.625, 0.625, 0.625, 0.625, 0.625, 0.625, 0.625, 0.625, 0.625, 0.625, 0.625, 0.625, 0.5, 0.5, 0.5, 0.5, 0.5, 0.625, 0.625, 0.625, 0.625, 0.625, 0.625, 0.625, 0.625, 0.625, 0.625, 0.625, 0.625, 0.625, 0.625, 0.625, 0.625, 0.625, 0.625, 0.625, 0.625, 0.625, 0.625, 0.625, 0.625, 0.625, 0.625, 0.625, 0.625, 0.625, 0.625, 0.625, 0.625, 0.625, 0.625, 0.625, 0.625, 0.625, 0.5, 0.5, 0.5, 0.5, 0.5, 0.625, 0.625, 0.625, 0.625, 0.625, 0.625, 0.625, 0.625, 0.625, 0.625, 0.625, 0.625, 0.625, 0.625, 0.625, 0.625, 0.625, 0.625, 0.625, 0.625, 0.625, 0.625, 0.625, 0.625, 0.625, 0.625, 0.625, 0.625, 0.625, 0.625, 0.625, 0.625, 0.625, 0.625, 0.625, 0.625, 0.625],